gender,feature,number_of_jobs,median_income,PROPORTION
FEMALES,200 or more employees,22879.703,182934.5,0.4914248683885691
FEMALES,20–199 employees,10246.707,98072.0,0.22008531487018118
FEMALES,5–19 employees,7091.016,76679.0,0.15230536884771786
FEMALES,Fewer than 5 employees,6340.46,72514.0,0.13618444789353193
MALES,200 or more employees,19958.884,267505.0,0.40954064739685225
MALES,20–199 employees,11956.112,160811.0,0.24533004194168742
MALES,5–19 employees,7629.793,135465.5,0.15655736887513208
MALES,Fewer than 5 employees,9190.017,111964.0,0.18857194178632825
