gender,feature,number_of_jobs,median_income,PROPORTION
FEMALES,Financial corporations,1953.175,30k-50k,0.024945785773700664
FEMALES,General government,8314.73,50k-70k,0.10619502776052434
FEMALES,Non-financial corporations,26087.206000000002,20k-30k,0.3331835868830999
FEMALES,Other services,1971.8120000000001,10k-20k,0.025183815960173696
MALES,Financial corporations,1900.038,50k-70k,0.024267124507476628
MALES,General government,4890.692,70k-90k,0.062463504251872796
MALES,Non-financial corporations,31398.844,30k-50k,0.4010233778160413
MALES,Other services,1765.395,20k-30k,0.022547475508319675
